branch,CT_NM,hjd_nm,Y,X
본점,중구,소공동,37.563893,126.979789
잠실점,송파구,잠실동,37.511956,127.088283
노원점,노원구,상계동,37.661251,127.060253
영등포점,영등포구,영등포동,37.513405,126.906160
청량리점,동대문구,전농동,37.579329,127.053978
강남점,강남구,대치동,37.493242,127.056694
김포공항점,강서구,방화동,37.571309,126.811821
미아점,강북구,미아동,37.627083,127.027061
건대점,광진구,자양동,37.531108,127.073018
관악점,관악구,봉천동,37.482538,126.952165
서울역점,용산구,동자동,37.552052,126.972396
팩토리가산,금천구,가산동,37.476876,126.891779